{
    "find_circ": {
        "r": -0.06522289882161156,
        "p": 0.8579303048473758
    },
    "ciriquant": {
        "r": -0.5235297695353163,
        "p": 0.12041474293223983
    },
    "dcc": {
        "r": -0.39474389392204606,
        "p": 0.25893786702516935
    },
    "circexplorer2": {
        "r": 0.14689258899845992,
        "p": 0.6855165827741261
    },
    "segemehl": {
        "r": 0.15410448942872712,
        "p": 0.6707886041140669
    }
}