{
    "find_circ": {
        "r": -0.7223629958790625,
        "p": 0.01829643197545847
    },
    "ciriquant": {
        "r": -0.7285935103728667,
        "p": 0.016847789045667867
    },
    "dcc": {
        "r": -0.6722718911730242,
        "p": 0.03320492576513053
    },
    "circexplorer2": {
        "r": -0.7132104838434916,
        "p": 0.02057776845131044
    },
    "segemehl": {
        "r": -0.6990546748167619,
        "p": 0.024481721716128495
    }
}