{
    "find_circ": {
        "r": 0.8664994926130233,
        "p": 0.00012702398162358386
    },
    "dcc": {
        "r": 0.8712921746863791,
        "p": 0.00010488899596547325
    },
    "ciriquant": {
        "r": 0.4928317787952477,
        "p": 0.08705539499745113
    },
    "segemehl": {
        "r": 0.5234545409676128,
        "p": 0.06638326493624468
    },
    "circexplorer2": {
        "r": 0.8715256631770608,
        "p": 0.00010389529952184618
    }
}