{
    "find_circ": {
        "r": 0.28111778474679194,
        "p": 0.35215778998415265
    },
    "dcc": {
        "r": -0.7295420155515887,
        "p": 0.004650795462371593
    },
    "ciriquant": {
        "r": -0.7351711581032878,
        "p": 0.0041924709282465476
    },
    "segemehl": {
        "r": -0.7127499313432237,
        "p": 0.006249946544960182
    },
    "circexplorer2": {
        "r": -0.6989847782253987,
        "p": 0.007849963572829837
    }
}